index,name,type,value,error1,error2,y_place
0,Lexis,Hallucination,0.181762495,0.124064535,0.252837719,0.096922885
1,Westlaw,Hallucination,0.352443269,0.280074868,0.436227512,0.19587704
2,Practical  Law,Hallucination,0.180580692,0.125636147,0.251761103,0.296872884
3,GPT-4,Hallucination,0.466774947,0.388757406,0.551431621,0.396551006
4,Lexis,Incomplete,0.195566693,0.138988662,0.269234458,0.596329128
5,Westlaw,Incomplete,0.271474314,0.205349049,0.350822157,0.697788519
6,Practical Law,Incomplete,0.685328012,0.606871162,0.766352654,0.799576037
7,GPT-4,Incomplete,0.089154949,0.047791854,0.148511145,0.899321868