index, ﻿name,type,value,error1,error2
0, Lexis,Hallucination,0.181762495,0.124064535,0.252837719
1, Westlaw,Hallucination,0.352443269,0.280074868,0.436227512
2, Practical Law,Hallucination,0.180580692,0.125636147,0.251761103
3, GPT-4,Hallucination,0.466774947,0.388757406,0.551431621
4, Lexis,Incomplete,0.195566693,0.138988662,0.269234458
5, Westlaw,Incomplete,0.271474314,0.205349049,0.350822157
6, Practical Law,Incomplete,0.685328012,0.606871162,0.766352654
7, GPT-4,Incomplete,0.089154949,0.047791854,0.148511145
